{
  "generatedAt": "2025-09-29T15:51:04.705Z",
  "comparisons": [
    {
      "label": "1.5mb example",
      "nativeMs": 298.17041,
      "wasmMs": 4777.952571000002,
      "nativeIterations": 20,
      "wasmIterations": 27,
      "nativeTotalSamples": 300000,
      "wasmTotalSamples": 300000
    },
    {
      "label": "4mb example",
      "nativeMs": 609.387335,
      "wasmMs": 2707.037199999999,
      "nativeIterations": 15,
      "wasmIterations": 14,
      "nativeTotalSamples": 300000,
      "wasmTotalSamples": 300000
    },
    {
      "label": "11mb example",
      "nativeMs": 287.42231899999996,
      "wasmMs": 4751.046736,
      "nativeIterations": 21,
      "wasmIterations": 27,
      "nativeTotalSamples": 300000,
      "wasmTotalSamples": 300000
    },
    {
      "label": "24mb example",
      "nativeMs": 640.467024,
      "wasmMs": 7509.157144000004,
      "nativeIterations": 46,
      "wasmIterations": 44,
      "nativeTotalSamples": 300000,
      "wasmTotalSamples": 300000
    }
  ]
}